www.A.com,programming,coding,algorithms,software,development,technology
www.B.com,technology,gadgets,innovation,electronics,devices,programming
www.C.com,books,literature,reading,authors,novels,programming
www.D.com,fitness,health,exercise,nutrition,wellness,healthcare
www.E.com,travel,adventure,vacation,explore,wanderlust,culture
www.F.com,cooking,recipes,food,gourmet,chef,cuisine
www.G.com,fashion,style,clothing,trends,accessories,design
www.H.com,art,painting,sculpture,design,creativity,creative
www.I.com,database,SQL,query,relational,index,programming
www.J.com,music,genre,band,concert,lyrics,song
www.K.com,sports,athletics,competition,team,game,fitness
www.L.com,finance,investment,stocks,budgeting,economics,money
www.M.com,photography,camera,shoot,editing,landscape,art
www.N.com,science,research,discovery,experiment,theory,technology
www.O.com,history,culture,past,heritage,archaeology,books
www.P.com,education,learning,knowledge,teaching,academics,school
www.Q.com,animals,wildlife,nature,conservation,zoology,natural
www.R.com,movies,film,actors,director,cinema,entertainment
www.S.com,celebrities,entertainment,gossip,fame,paparazzi,movies
www.T.com,fitness,health,exercise,nutrition,wellness,sports
www.U.com,travel,adventure,vacation,explore,explore
www.V.com,cooking,recipes,food,gourmet,chef,cuisine
www.W.com,fashion,style,clothing,trends,brands
www.X.com,art,painting,sculpture,design,creativity,creative
www.Y.com,database,SQL,query,relational,index,programming
www.Z.com,music,genre,band,concert,lyrics,song
www.AA.com,sports,athletics,competition,team,game,fitness
www.BB.com,finance,investment,stocks,budgeting,economics,money
www.CC.com,books,literature,reading,ebooks,kindle
www.DD.com,science,research,discovery,experiment,evolution