www.A.com,www.B.com
www.A.com,www.C.com
www.A.com,www.E.com
www.B.com,www.A.com
www.B.com,www.C.com
www.C.com,www.A.com
www.C.com,www.D.com
www.C.com,www.E.com
www.C.com,www.H.com
www.D.com,www.B.com
www.D.com,www.G.com
www.D.com,www.H.com
www.E.com,www.A.com
www.F.com,www.G.com
www.F.com,www.I.com
www.G.com,www.C.com
www.G.com,www.D.com
www.G.com,www.F.com
www.G.com,www.I.com
www.H.com,www.D.com
www.H.com,www.E.com
www.H.com,www.G.com
www.H.com,www.I.com
www.I.com,www.E.com
www.I.com,www.G.com
www.I.com,www.H.com
www.I.com,www.J.com
www.J.com,www.F.com
www.J.com,www.H.com
www.J.com,www.K.com
www.K.com,www.I.com
www.K.com,www.J.com
www.K.com,www.L.com
www.L.com,www.K.com
www.L.com,www.M.com
www.M.com,www.L.com
www.M.com,www.N.com
www.N.com,www.M.com
www.N.com,www.O.com
www.O.com,www.K.com
www.O.com,www.M.com
www.P.com,www.L.com
www.P.com,www.O.com
www.P.com,www.P.com
www.P.com,www.Q.com
www.P.com,www.R.com
www.Q.com,www.S.com
www.R.com,www.Q.com
www.R.com,www.S.com
www.R.com,www.U.com
www.S.com,www.P.com
www.S.com,www.R.com
www.S.com,www.S.com
www.S.com,www.U.com
www.T.com,www.Q.com
www.T.com,www.S.com
www.U.com,www.T.com
www.U.com,www.U.com
www.AA.com,www.A.com